Model,KM,Dealer,Update-Date,Price
2025 Lexus RX 350,Contact Seller,Al Tariq Automobiles Trading,2025-10-29,"QAR 287,900"
2025 Lexus LX 600 Overtrail,Contact Seller,Al Tariq Automobiles Trading,2025-10-29,"QAR 570,000"
2025 Lexus LX 700h F Sport Handling,Contact Seller,Al Tariq Automobiles Trading,2025-10-29,"QAR 610,000"
2025 Toyota Land Cruiser VX Twin turbo,Contact Seller,Al Tariq Automobiles Trading,2025-10-29,"QAR 385,000"
2025 Land Rover Defender 110 HSE,0 KM,Q-Auto Used Cars,2025-10-29,"QAR 379,900"
2017 Audi SQ5,"151,000 KM",Q-Auto Used Cars,2025-10-29,"QAR 79,900"
2019 Infiniti QX 70,"81,000 KM",Q-Auto Used Cars,2025-10-29,"QAR 79,900"
2022 Toyota Land Cruiser GXR Twin Turbo,"188,000 KM",Al Kawthar Car Company,2025-10-29,"QAR 175,000"
2025 Toyota Land Cruiser GX,"13,000 KM",Al Kawthar Car Company,2025-10-28,"QAR 205,000"
2019 Lexus LX 570 Black Edition Sport,"95,000 KM",Al Kawthar Car Company,2025-10-28,"QAR 248,000"
2014 Toyota Sequoia 5.7,"307,000 KM",Al Kawthar Car Company,2025-10-28,"QAR 45,000"
2022 Toyota Camry LE,"106,000 KM",Al Kawthar Car Company,2025-10-28,"QAR 68,000"
2016 Lexus LX 570,"131,000 KM",Al Kawthar Car Company,2025-10-28,"QAR 179,000"
2015 Mercedes-Benz S-Class S 400,"135,000 KM",Al Kawthar Car Company,2025-10-28,"QAR 85,000"
2022 Toyota Land Cruiser VXR Twin Turbo,"104,000 KM",Al Kawthar Car Company,2025-10-28,"QAR 235,000"
2024 Toyota Land Cruiser VXR Twin Turbo,"16,000 KM",Al Kawthar Car Company,2025-10-28,"QAR 265,000"
2024 Toyota Land Cruiser GXR Twin Turbo,"15,000 KM",Al Maali for Cars,2025-10-28,"QAR 250,000"
2025 Nissan Patrol Platinum,"19,000 KM",Al Kawthar Car Company,2025-10-28,"QAR 315,000"
2025 Jetour T2,"32,000 KM",Al Kawthar Car Company,2025-10-28,"QAR 95,000"
2021 Nissan Patrol XE V6,"84,000 KM",Al Kawthar Car Company,2025-10-28,"QAR 129,000"
2021 Toyota Camry LE,"110,000 KM",Al Kawthar Car Company,2025-10-28,"QAR 65,000"
2025 Toyota Land Cruiser GX,0 KM,Al Kawthar Car Company,2025-10-28,"QAR 217,000"
2009 Toyota Land Cruiser GXR Limited,"307,000 KM",Al Kawthar Car Company,2025-10-28,"QAR 55,000"
2024 Toyota GR  86,"8,000 KM",Al Kawthar Car Company,2025-10-28,"QAR 105,000"
2020 Lexus LX 570 Sport,"72,000 KM",Al Kawthar Car Company,2025-10-28,"QAR 275,000"
2023 Toyota Land Cruiser GXR Twin Turbo,"19,000 KM",Al Kawthar Car Company,2025-10-28,"QAR 207,000"
2024 Lexus LX 600 F Sport,"48,000 KM",Al Kawthar Car Company,2025-10-28,"QAR 410,000"
2014 Toyota Prado TXL V6,"298,500 KM",Private Seller,2025-10-28,"QAR 66,000"
2024 Toyota Land Cruiser Prado Turbo First Edition,"22,000 KM",Auto Z Group,2025-10-28,"QAR 215,000"
2025 Jetour T2 Luxury,"7,000 KM",Auto Z Group,2025-10-28,"QAR 117,000"
2018 Audi Q7 45 TFSI,"81,600 KM",Auto Z Group,2025-10-28,"QAR 85,000"
2023 Great Wall Wingle 5,"1,000 KM",Auto Z Group,2025-10-28,"QAR 39,000"
2012 Mercedes-Benz GL 500,"89,000 KM",Auto Z Group,2025-10-28,"QAR 50,000"
2021 Mercedes-Benz C-Class C 200 Coupe,"118,000 KM",Auto Z Group,2025-10-28,"QAR 130,000"
2014 Mercedes-Benz C-Class C 250,"141,300 KM",Auto Z Group,2025-10-28,"QAR 48,000"
2024 Nissan Xterra 2.5,"13,500 KM",Auto Z Group,2025-10-28,"QAR 89,000"
2020 Zotye T700,"37,000 KM",Auto Z Group,2025-10-28,"QAR 20,000"
2020 Nissan Micra 1.5,"116,600 KM",Private Seller,2025-10-28,"QAR 18,000"
2018 Ford F-150 Raptor V6,"129,800 KM",Auto Z Group,2025-10-28,"QAR 135,000"
2025 Hyundai Tucson 1.6 Turbo,0 KM,Elite Motors,2025-10-28,"QAR 94,900"
2026 Chery Tiggo 9 Luxury,0 KM,Elite Motors,2025-10-28,"QAR 99,900"
2013 Nissan Patrol SE,"253,000 KM",Elite Motors,2025-10-28,"QAR 49,000"
2025 Hyundai Creta 1.5,0 KM,Elite Motors,2025-10-28,"QAR 61,900"
2026 Chery Tiggo 7 Pro Max Flagship,0 KM,Elite Motors,2025-10-28,"QAR 65,900"
2026 Chery Tiggo 9 Super Hybrid,0 KM,Elite Motors,2025-10-28,"QAR 109,900"
2026 Chery Tiggo 7 Pro Luxury,0 KM,Elite Motors,2025-10-28,"QAR 54,900"
2026 Chery Tiggo 9 Flagship,0 KM,Elite Motors,2025-10-28,"QAR 109,900"
2025 GWM Tank 500,"4,900 KM",Elite Motors 2,2025-10-28,"QAR 169,000"
2025 Hyundai Tucson 1.6 Turbo,0 KM,Elite Motors 2,2025-10-28,"QAR 94,900"
2025 Hyundai Creta 1.5,0 KM,Elite Motors 2,2025-10-28,"QAR 62,900"
2013 Nissan Patrol SE,"253,000 KM",Elite Motors 2,2025-10-28,"QAR 49,000"
2026 Chery Tiggo 9 Luxury,0 KM,Elite Motors 2,2025-10-28,"QAR 89,000"
2026 Chery Tiggo 2 Pro Comfort,0 KM,Elite Motors 2,2025-10-28,"QAR 43,900"
2026 Chery Tiggo 7 Pro Max Luxury,0 KM,Elite Motors 2,2025-10-28,"QAR 59,900"
2026 Chery Tiggo 2 Pro Comfort,Contact Seller,Elite Motors 2,2025-10-28,"QAR 43,900"
2026 Chery Arrizo 8 Super Hybrid,0 KM,Elite Motors 2,2025-10-28,"QAR 66,900"
2020 Chery Tiggo 8,0 KM,Elite Rental Cars,2025-10-28,"QAR 2,500"
2020 Chery Tiggo 3,0 KM,Elite Rental Cars,2025-10-28,"QAR 1,800"
2020 Chery Arrizo 1.5,0 KM,Elite Rental Cars,2025-10-28,"QAR 1,450"
2023 Chery Omoda C5,0 KM,Elite Rental Cars,2025-10-28,"QAR 2,700"
2024 Chery Tiggo 7 Pro Comport,Contact Seller,Elite Rental Cars,2025-10-28,"QAR 2,600"
2024 Chery Tiggo 8 Pro Flagship,Contact Seller,Elite Rental Cars,2025-10-28,"QAR 3,200"
2024 Chery Arrizo 8 1.6,Contact Seller,Elite Rental Cars,2025-10-28,"QAR 2,800"
2025 Chery Tiggo 8 Pro Max,Contact Seller,Elite Rental Cars,2025-10-28,"QAR 3,500"
2018 Suzuki Swift Dzire GLX,Contact Seller,Elite Rental Cars,2025-10-28,"QAR 1,450"
2020 Chery Tiggo 3,0 KM,Elite Rental Cars,2025-10-28,"QAR 1,800"
2013 BMW 5-Series 520i,"166,000 KM",Grand Cars Co,2025-10-28,"QAR 44,000"
2016 GMC Sierra 1500 Crew Cab,"382,000 KM",Grand Cars Co,2025-10-28,"QAR 58,000"
2019 Kia Carnival Grand,"224,000 KM",Grand Cars Co,2025-10-28,"QAR 57,000"
2017 Ford F-150 FX4,"189,000 KM",Grand Cars Co,2025-10-28,"QAR 74,000"
2017 Chevrolet Suburban LT,"290,000 KM",Grand Cars Co,2025-10-28,"QAR 59,000"
2022 Chevrolet Tahoe LS,"110,000 KM",Grand Cars Co,2025-10-28,"QAR 124,000"
2018 Mitsubishi Pajero 3.5 V6,"135,000 KM",Grand Cars Co,2025-10-28,"QAR 49,000"
2016 BMW 4 Series 420i,"245,000 KM",Grand Cars Co,2025-10-28,"QAR 45,000"
2015 Audi A5 50 TFSI,"122,000 KM",Grand Cars Co,2025-10-28,"QAR 39,000"
2014 Jeep Wrangler 3.8 Sahara,"200,000 KM",Grand Cars Co,2025-10-28,"QAR 55,000"
2017 Nissan Patrol SGL Pickup,"98,000 KM",Garden Cars Showroom,2025-10-28,"QAR 75,000"
2022 Toyota Land Cruiser GXR Twin Turbo,"98,000 KM",Garden Cars Showroom,2025-10-28,"QAR 198,000"
2024 Lexus LX 600 F Sport,"15,000 KM",Garden Cars Showroom,2025-10-28,"QAR 495,000"
2024 Toyota Land Cruiser GXR V6,"9,000 KM",Garden Cars Showroom,2025-10-28,"QAR 199,000"
2014 Lexus LX 570 Sport,"351,000 KM",Twin Turbo Car Showroom,2025-10-28,"QAR 108,000"
2014 Lexus LX 570 Sport,"279,000 KM",Twin Turbo Car Showroom,2025-10-28,"QAR 117,000"
2018 Toyota Land Cruiser GXR V8,"108,000 KM",Garden Cars Showroom,2025-10-27,"QAR 149,000"
2013 Porsche Panamera GTS,"144,000 KM",Grand Cars Co,2025-10-27,"QAR 46,000"
2022 Mitsubishi Outlander Black Edition,"50,000 KM",Strong Motors Trading,2025-10-27,"QAR 59,500"
2022 Mitsubishi Outlander Black Edition,"49,000 KM",Strong Motors Trading,2025-10-27,"QAR 59,500"
2022 Mitsubishi Outlander Black Edition,"39,000 KM",Strong Motors Trading,2025-10-27,"QAR 62,500"
2022 Mitsubishi Pajero 3.5 V6,"106,000 KM",Strong Motors Trading,2025-10-27,"QAR 59,500"
2025 Suzuki Jimny 1.5,0 KM,Teyseer Motors,2025-10-27,"QAR 86,000"
2025 Suzuki Swift 1.2 GLX,0 KM,Teyseer Motors,2025-10-27,"QAR 51,900"
2025 Suzuki Dzire GL+,0 KM,Teyseer Motors,2025-10-27,Contact Seller
2025 Suzuki Baleno GL,0 KM,Teyseer Motors,2025-10-27,Contact Seller
2025 Suzuki Grand Vitara GL 2WD Semi Hybrid,0 KM,Teyseer Motors,2025-10-27,Contact Seller
2025 Suzuki Fronx GL 2WD Mild Hybrid,0 KM,Teyseer Motors,2025-10-27,Contact Seller
2025 Suzuki Jimny 1.5,0 KM,Teyseer Motors,2025-10-27,"QAR 84,000"
2025 Suzuki Swift 1.2 GLX,0 KM,Teyseer Motors,2025-10-27,Contact Seller
2024 Suzuki Ciaz GL,0 KM,Teyseer Motors,2025-10-27,Contact Seller
2025 Suzuki Ciaz GLX,0 KM,Teyseer Motors,2025-10-27,Contact Seller
2016 Nissan Patrol Nismo,"180,000 KM",Al Maali for Cars,2025-10-27,"QAR 105,000"
2024 Toyota Land Cruiser GXR V6,"13,000 KM",Al Maali for Cars,2025-10-27,"QAR 200,000"
2024 Toyota Land Cruiser GXR V6,0 KM,Al Maali for Cars,2025-10-27,"QAR 233,000"
2018 Nissan Patrol SE,"145,000 KM",Al Maali for Cars,2025-10-27,"QAR 75,000"
2012 Toyota Land Cruiser VXR,"380,000 KM",Al Maali for Cars,2025-10-27,"QAR 85,000"
2021 Toyota Land Cruiser GXR,"146,000 KM",Al Maali for Cars,2025-10-27,"QAR 148,000"
2025 Toyota Land Cruiser GX,0 KM,Al Maali for Cars,2025-10-27,"QAR 217,000"
2015 Nissan Patrol SE,"275,000 KM",Al Maali for Cars,2025-10-27,"QAR 47,000"
2014 GMC Sierra 1500 Crew Cab,"251,000 KM",Garden Cars Showroom,2025-10-27,"QAR 49,000"
2014 GMC Terrain SLE,"195,000 KM",Private Seller,2025-10-27,"QAR 23,000"
2015 Toyota Camry GL,"226,000 KM",Suhail Cars Company,2025-10-27,"QAR 22,000"
2019 Ford Edge,"52,700 KM",Auto Z Group,2025-10-27,"QAR 55,000"
2025 GWM Tank 500,"6,600 KM",Auto Z Group,2025-10-27,"QAR 163,000"
2023 Nissan Patrol XE V6,"34,300 KM",Auto Z Group,2025-10-27,"QAR 149,000"
2020 Toyota Land Cruiser GXR V8,"118,600 KM",Auto Z Group,2025-10-27,"QAR 172,000"
2023 Toyota FJ Cruiser 4x4,"44,000 KM",Auto Z Group,2025-10-27,"QAR 139,000"
2019 Lexus RX 350 S Sport,"69,000 KM",Auto Z Group,2025-10-27,"QAR 142,000"
2019 BMW X4 X drive 30i,"123,600 KM",Auto Z Group,2025-10-27,"QAR 95,000"
2013 Jeep Wrangler 3.6 Sport,"80,300 KM",Auto Z Group,2025-10-27,"QAR 58,000"
2021 Foton CS2 View,"188,000 KM",Auto Z Group,2025-10-27,"QAR 45,000"
2025 Nissan Kicks,"1,950 KM",Auto Z Group,2025-10-27,"QAR 80,000"
2018 Mercedes-Benz C-Class C 180,"71,000 KM",Grand Cars Co,2025-10-27,"QAR 79,000"
2013 Toyota Land Cruiser VXR,"388,000 KM",Grand Cars Co,2025-10-27,"QAR 84,000"
2025 Toyota Corolla HEV,0 KM,Grand Cars Co,2025-10-27,"QAR 72,000"
2018 Chevrolet Silverado 1500 Crew Cab LT,"323,000 KM",Grand Cars Co,2025-10-27,"QAR 57,000"
2013 Bentley Continental GT,"116,000 KM",Grand Cars Co,2025-10-27,"QAR 104,000"
2025 Toyota Land Cruiser GXR V6,0 KM,Elite Motors,2025-10-27,"QAR 255,000"
2025 Hyundai Tucson 1.6 Turbo,0 KM,Elite Motors,2025-10-27,"QAR 94,900"
2016 Mitsubishi Outlander 2.4,"85,000 KM",Elite Motors,2025-10-27,"QAR 39,900"
2026 Chery Tiggo 9 Flagship,0 KM,Elite Motors,2025-10-27,"QAR 109,900"
2025 Chery Tiggo 7 Pro Max Luxury,0 KM,Elite Motors,2025-10-27,"QAR 59,900"
2025 Chery Tiggo 7 Pro Max Luxury,0 KM,Elite Motors,2025-10-27,"QAR 59,900"
2026 Chery Tiggo 7 Pro Luxury,0 KM,Elite Motors,2025-10-27,"QAR 54,900"
2019 Chevrolet Tahoe LS,"160,000 KM",Elite Motors,2025-10-27,"QAR 73,000"
2024 Toyota Land Cruiser VXR Twin Turbo,0 KM,Elite Motors,2025-10-27,"QAR 322,000"
2020 Mitsubishi Pajero 3.5 V6,"135,000 KM",Elite Motors,2025-10-27,"QAR 68,000"
2024 Toyota Land Cruiser VX Twin turbo,"39,000 KM",Elite Motors 2,2025-10-27,"QAR 278,000"
2025 Hyundai Palisade,0 KM,Elite Motors 2,2025-10-27,"QAR 134,900"
2014 Mercedes-Benz E-Class E 200,"177,000 KM",Elite Motors 2,2025-10-27,"QAR 35,000"
2022 Mercedes-Benz S-Class S 450 4matic,"15,300 KM",Elite Motors 2,2025-10-27,"QAR 395,000"
2024 Chevrolet Tahoe LS,0 KM,Elite Motors 2,2025-10-27,"QAR 189,000"
