make,model,variant,status,year,transmission,color,fuel_type,monthly_payment,total_price,vehicle_id,url
Mercedes-Benz,A-Class,A 200 Compact Saloon,Available,2025,Automatic,Solid Paint Night Black,Petrol,"QAR 4,059 / month Finance","QAR 184,500",19646909,https://www.mercedes-benz-mena.com/qatar/en/stock/19646909-Mercedes-Benz-A-Class-A%20200%20Compact%20Saloon/?finances%5Bdeposit%5D=36900&finances%5BproductName%5D=Finance&finances%5Bterm%5D=48&finances%5BproductType%5D=Finance&finances%5BannualMileage%5D=10000&finances%5Bdescription%5D=
Mercedes-Benz,A-Class,A 200 Compact Saloon,Available,2025,Automatic,Solid Paint Polar White,Petrol,"QAR 4,081 / month Finance","QAR 185,500",20297618,https://www.mercedes-benz-mena.com/qatar/en/stock/20297618-Mercedes-Benz-A-Class-A%20200%20Compact%20Saloon/?finances%5Bdeposit%5D=37100&finances%5BproductName%5D=Finance&finances%5Bterm%5D=48&finances%5BproductType%5D=Finance&finances%5BannualMileage%5D=10000&finances%5Bdescription%5D=
Mercedes-Benz,A-Class,A 200 Compact Saloon,Available,2025,Automatic,Metallic Paintwork High-tech Silver,Petrol,"QAR 4,092 / month Finance","QAR 186,000",19484390,https://www.mercedes-benz-mena.com/qatar/en/stock/19484390-Mercedes-Benz-A-Class-A%20200%20Compact%20Saloon/?finances%5Bdeposit%5D=37200&finances%5BproductName%5D=Finance&finances%5Bterm%5D=48&finances%5BproductType%5D=Finance&finances%5BannualMileage%5D=10000&finances%5Bdescription%5D=
Mercedes-Benz,A-Class,A 200 Compact Saloon,Available,2025,Automatic,Metallic Paint Spectral Blue,Petrol,"QAR 4,114 / month Finance","QAR 187,000",19484402,https://www.mercedes-benz-mena.com/qatar/en/stock/19484402-Mercedes-Benz-A-Class-A%20200%20Compact%20Saloon/?finances%5Bdeposit%5D=37400&finances%5BproductName%5D=Finance&finances%5Bterm%5D=48&finances%5BproductType%5D=Finance&finances%5BannualMileage%5D=10000&finances%5Bdescription%5D=
Mercedes-Benz,A-Class,A 200 Compact Saloon,Available,2025,Automatic,Metallic Paintwork Cosmos Black,Petrol,"QAR 4,114 / month Finance","QAR 187,000",19484391,https://www.mercedes-benz-mena.com/qatar/en/stock/19484391-Mercedes-Benz-A-Class-A%20200%20Compact%20Saloon/?finances%5Bdeposit%5D=37400&finances%5BproductName%5D=Finance&finances%5Bterm%5D=48&finances%5BproductType%5D=Finance&finances%5BannualMileage%5D=10000&finances%5Bdescription%5D=
Mercedes-Benz,A-Class,A 200 Compact Saloon,Available,2025,Automatic,Metallic Paint Spectral Blue,Petrol,"QAR 4,125 / month Finance","QAR 187,500",20096472,https://www.mercedes-benz-mena.com/qatar/en/stock/20096472-Mercedes-Benz-A-Class-A%20200%20Compact%20Saloon/?finances%5Bdeposit%5D=37500&finances%5BproductName%5D=Finance&finances%5Bterm%5D=48&finances%5BproductType%5D=Finance&finances%5BannualMileage%5D=10000&finances%5Bdescription%5D=
Mercedes-Benz,A-Class,A 200 Saloon,Available,2025,Automatic,Metallic Paintwork Mountain Grey,Petrol,"QAR 4,147 / month Finance","QAR 188,500",19646900,https://www.mercedes-benz-mena.com/qatar/en/stock/19646900-Mercedes-Benz-A-Class-A%20200%20Saloon/?finances%5Bdeposit%5D=37700&finances%5BproductName%5D=Finance&finances%5Bterm%5D=48&finances%5BproductType%5D=Finance&finances%5BannualMileage%5D=10000&finances%5Bdescription%5D=
Mercedes-Benz,A-Class,A 200 Compact Saloon,Available,2025,Automatic,Manufaktur Paint Manufaktur Patagonia Red Metallic,Petrol,"QAR 4,158 / month Finance","QAR 189,000",19484394,https://www.mercedes-benz-mena.com/qatar/en/stock/19484394-Mercedes-Benz-A-Class-A%20200%20Compact%20Saloon/?finances%5Bdeposit%5D=37800&finances%5BproductName%5D=Finance&finances%5Bterm%5D=48&finances%5BproductType%5D=Finance&finances%5BannualMileage%5D=10000&finances%5Bdescription%5D=
Mercedes-Benz,GLA,GLA 200,Available,2026,Automatic,Solid Paint Night Black,Petrol,"QAR 4,180 / month Finance","QAR 190,000",20077166,https://www.mercedes-benz-mena.com/qatar/en/stock/20077166-Mercedes-Benz-GLA-GLA%20200/?finances%5Bdeposit%5D=38000&finances%5BproductName%5D=Finance&finances%5Bterm%5D=48&finances%5BproductType%5D=Finance&finances%5BannualMileage%5D=10000&finances%5Bdescription%5D=
Mercedes-Benz,A-Class,A 200 Compact Saloon,Available,2026,Automatic,Metallic Paintwork High-tech Silver,Petrol,"QAR 4,235 / month Finance","QAR 192,500",20342159,https://www.mercedes-benz-mena.com/qatar/en/stock/20342159-Mercedes-Benz-A-Class-A%20200%20Compact%20Saloon/?finances%5Bdeposit%5D=38500&finances%5BproductName%5D=Finance&finances%5Bterm%5D=48&finances%5BproductType%5D=Finance&finances%5BannualMileage%5D=10000&finances%5Bdescription%5D=
Mercedes-Benz,CLA,CLA 200 Coupé,Available,2025,Automatic,Metallic Paintwork Hyper Blue,Petrol,"QAR 4,565 / month Finance","QAR 207,500",19022833,https://www.mercedes-benz-mena.com/qatar/en/stock/19022833-Mercedes-Benz-CLA-CLA%20200%20Coup%C3%A9/?finances%5Bdeposit%5D=41500&finances%5BproductName%5D=Finance&finances%5Bterm%5D=48&finances%5BproductType%5D=Finance&finances%5BannualMileage%5D=10000&finances%5Bdescription%5D=
Mercedes-Benz,CLA,CLA 200 Coupé,Available,2026,Automatic,Manufaktur Paint Manufaktur Alpine Grey Solid,Petrol,"QAR 4,675 / month Finance","QAR 212,500",20297607,https://www.mercedes-benz-mena.com/qatar/en/stock/20297607-Mercedes-Benz-CLA-CLA%20200%20Coup%C3%A9/?finances%5Bdeposit%5D=42500&finances%5BproductName%5D=Finance&finances%5Bterm%5D=48&finances%5BproductType%5D=Finance&finances%5BannualMileage%5D=10000&finances%5Bdescription%5D=
Mercedes-Benz,CLA,CLA 200 Coupé,Available,2025,Automatic,Solid Paint Night Black,Petrol,"QAR 4,686 / month Finance","QAR 213,000",20113659,https://www.mercedes-benz-mena.com/qatar/en/stock/20113659-Mercedes-Benz-CLA-CLA%20200%20Coup%C3%A9/?finances%5Bdeposit%5D=42600&finances%5BproductName%5D=Finance&finances%5Bterm%5D=48&finances%5BproductType%5D=Finance&finances%5BannualMileage%5D=10000&finances%5Bdescription%5D=
Mercedes-Benz,CLA,CLA 200 Coupé,Available,2025,Automatic,Manufaktur Paint Manufaktur Patagonia Red Metallic,Petrol,"QAR 4,741 / month Finance","QAR 215,500",19399773,https://www.mercedes-benz-mena.com/qatar/en/stock/19399773-Mercedes-Benz-CLA-CLA%20200%20Coup%C3%A9/?finances%5Bdeposit%5D=43100&finances%5BproductName%5D=Finance&finances%5Bterm%5D=48&finances%5BproductType%5D=Finance&finances%5BannualMileage%5D=10000&finances%5Bdescription%5D=
Mercedes-Benz,CLA,CLA 200 Coupé,Available,2025,Automatic,Metallic Paintwork Cosmos Black,Petrol,"QAR 4,752 / month Finance","QAR 216,000",20113660,https://www.mercedes-benz-mena.com/qatar/en/stock/20113660-Mercedes-Benz-CLA-CLA%20200%20Coup%C3%A9/?finances%5Bdeposit%5D=43200&finances%5BproductName%5D=Finance&finances%5Bterm%5D=48&finances%5BproductType%5D=Finance&finances%5BannualMileage%5D=10000&finances%5Bdescription%5D=
Mercedes-Benz,GLA,GLA 200,Available,2026,Automatic,Solid Paint Night Black,Petrol,"QAR 4,774 / month Finance","QAR 217,000",20051521,https://www.mercedes-benz-mena.com/qatar/en/stock/20051521-Mercedes-Benz-GLA-GLA%20200/?finances%5Bdeposit%5D=43400&finances%5BproductName%5D=Finance&finances%5Bterm%5D=48&finances%5BproductType%5D=Finance&finances%5BannualMileage%5D=10000&finances%5Bdescription%5D=
Mercedes-Benz,GLA,GLA 200,Available,2026,Automatic,Metallic Paintwork Mountain Grey,Petrol,"QAR 4,829 / month Finance","QAR 219,500",19993940,https://www.mercedes-benz-mena.com/qatar/en/stock/19993940-Mercedes-Benz-GLA-GLA%20200/?finances%5Bdeposit%5D=43900&finances%5BproductName%5D=Finance&finances%5Bterm%5D=48&finances%5BproductType%5D=Finance&finances%5BannualMileage%5D=10000&finances%5Bdescription%5D=
Mercedes-Benz,GLA,GLA 200,Available,2026,Automatic,Metallic Paintwork Mountain Grey,Petrol,"QAR 4,840 / month Finance","QAR 220,000",19845370,https://www.mercedes-benz-mena.com/qatar/en/stock/19845370-Mercedes-Benz-GLA-GLA%20200/?finances%5Bdeposit%5D=44000&finances%5BproductName%5D=Finance&finances%5Bterm%5D=48&finances%5BproductType%5D=Finance&finances%5BannualMileage%5D=10000&finances%5Bdescription%5D=
Mercedes-Benz,GLA,GLA 200,Available,2025,Automatic,Solid Paint Polar White,Petrol,"QAR 4,862 / month Finance","QAR 221,000",19811059,https://www.mercedes-benz-mena.com/qatar/en/stock/19811059-Mercedes-Benz-GLA-GLA%20200/?finances%5Bdeposit%5D=44200&finances%5BproductName%5D=Finance&finances%5Bterm%5D=48&finances%5BproductType%5D=Finance&finances%5BannualMileage%5D=10000&finances%5Bdescription%5D=
Mercedes-Benz,C-Class,C 200,Available,2025,Automatic,Metallic Paintwork High-tech Silver,Petrol,"QAR 4,873 / month Finance","QAR 221,500",19840304,https://www.mercedes-benz-mena.com/qatar/en/stock/19840304-Mercedes-Benz-C-Class-C%20200/?finances%5Bdeposit%5D=44300&finances%5BproductName%5D=Finance&finances%5Bterm%5D=48&finances%5BproductType%5D=Finance&finances%5BannualMileage%5D=10000&finances%5Bdescription%5D=
Mercedes-Benz,CLA,CLA 200 Coupé,Available,2026,Automatic,Solid Paint Polar White,Petrol,"QAR 4,906 / month Finance","QAR 223,000",20401596,https://www.mercedes-benz-mena.com/qatar/en/stock/20401596-Mercedes-Benz-CLA-CLA%20200%20Coup%C3%A9/?finances%5Bdeposit%5D=44600&finances%5BproductName%5D=Finance&finances%5Bterm%5D=48&finances%5BproductType%5D=Finance&finances%5BannualMileage%5D=10000&finances%5Bdescription%5D=
Mercedes-Benz,C-Class,C 200,Available,2025,Automatic,Metallic Paint Graphite Grey,Petrol,"QAR 5,115 / month Finance","QAR 232,500",20096470,https://www.mercedes-benz-mena.com/qatar/en/stock/20096470-Mercedes-Benz-C-Class-C%20200/?finances%5Bdeposit%5D=46500&finances%5BproductName%5D=Finance&finances%5Bterm%5D=48&finances%5BproductType%5D=Finance&finances%5BannualMileage%5D=10000&finances%5Bdescription%5D=
Mercedes-Benz,C-Class,C 200,Available,2025,Automatic,Solid Paint Black,Petrol,"QAR 5,533 / month Finance","QAR 251,500",20096473,https://www.mercedes-benz-mena.com/qatar/en/stock/20096473-Mercedes-Benz-C-Class-C%20200/?finances%5Bdeposit%5D=50300&finances%5BproductName%5D=Finance&finances%5Bterm%5D=48&finances%5BproductType%5D=Finance&finances%5BannualMileage%5D=10000&finances%5Bdescription%5D=
Mercedes-Benz,C-Class,C 200,Available,2025,Automatic,Metallic Paint Obsidian Black,Petrol,"QAR 5,544 / month Finance","QAR 252,000",20297620,https://www.mercedes-benz-mena.com/qatar/en/stock/20297620-Mercedes-Benz-C-Class-C%20200/?finances%5Bdeposit%5D=50400&finances%5BproductName%5D=Finance&finances%5Bterm%5D=48&finances%5BproductType%5D=Finance&finances%5BannualMileage%5D=10000&finances%5Bdescription%5D=
Mercedes-Benz,C-Class,C 200,Available,2025,Automatic,Solid Paint Polar White,Petrol,"QAR 5,555 / month Finance","QAR 252,500",20297611,https://www.mercedes-benz-mena.com/qatar/en/stock/20297611-Mercedes-Benz-C-Class-C%20200/?finances%5Bdeposit%5D=50500&finances%5BproductName%5D=Finance&finances%5Bterm%5D=48&finances%5BproductType%5D=Finance&finances%5BannualMileage%5D=10000&finances%5Bdescription%5D=
Mercedes-Benz,EQA,EQA 350 4MATIC,Available,2025,Automatic,Metallic Paint Mountain Grey,Electric,"QAR 5,566 / month Finance","QAR 253,000",18198053,https://www.mercedes-benz-mena.com/qatar/en/stock/18198053-Mercedes-Benz-EQA-EQA%20350%204MATIC/?finances%5Bdeposit%5D=50600&finances%5BproductName%5D=Finance&finances%5Bterm%5D=48&finances%5BproductType%5D=Finance&finances%5BannualMileage%5D=10000&finances%5Bdescription%5D=
Mercedes-Benz,EQA,EQA 350 4MATIC,Available,2025,Automatic,Spectral Blue,Electric,"QAR 5,654 / month Finance","QAR 257,000",17626990,https://www.mercedes-benz-mena.com/qatar/en/stock/17626990-Mercedes-Benz-EQA-EQA%20350%204MATIC/?finances%5Bdeposit%5D=51400&finances%5BproductName%5D=Finance&finances%5Bterm%5D=48&finances%5BproductType%5D=Finance&finances%5BannualMileage%5D=10000&finances%5Bdescription%5D=
Mercedes-Benz,GLB,GLB 250 4MATIC,Available,2025,Automatic,Solid Paint Polar White,Petrol,"QAR 5,687 / month Finance","QAR 258,500",18890065,https://www.mercedes-benz-mena.com/qatar/en/stock/18890065-Mercedes-Benz-GLB-GLB%20250%204MATIC/?finances%5Bdeposit%5D=51700&finances%5BproductName%5D=Finance&finances%5Bterm%5D=48&finances%5BproductType%5D=Finance&finances%5BannualMileage%5D=10000&finances%5Bdescription%5D=
Mercedes-Benz,GLB,GLB 250 4MATIC,Available,2025,Automatic,Metallic Paintwork Mountain Grey,Petrol,"QAR 5,720 / month Finance","QAR 260,000",19811061,https://www.mercedes-benz-mena.com/qatar/en/stock/19811061-Mercedes-Benz-GLB-GLB%20250%204MATIC/?finances%5Bdeposit%5D=52000&finances%5BproductName%5D=Finance&finances%5Bterm%5D=48&finances%5BproductType%5D=Finance&finances%5BannualMileage%5D=10000&finances%5Bdescription%5D=
Mercedes-Benz,EQA,EQA 350 4MATIC,Available,2025,Automatic,Solid Paint Night Black,Electric,"QAR 5,764 / month Finance","QAR 262,000",19044384,https://www.mercedes-benz-mena.com/qatar/en/stock/19044384-Mercedes-Benz-EQA-EQA%20350%204MATIC/?finances%5Bdeposit%5D=52400&finances%5BproductName%5D=Finance&finances%5Bterm%5D=48&finances%5BproductType%5D=Finance&finances%5BannualMileage%5D=10000&finances%5Bdescription%5D=
Mercedes-Benz,EQB,EQB 350 4MATIC,Available,2025,Automatic,Metallic Paintwork Mountain Grey,Electric,"QAR 5,907 / month Finance","QAR 268,500",19811053,https://www.mercedes-benz-mena.com/qatar/en/stock/19811053-Mercedes-Benz-EQB-EQB%20350%204MATIC/?finances%5Bdeposit%5D=53700&finances%5BproductName%5D=Finance&finances%5Bterm%5D=48&finances%5BproductType%5D=Finance&finances%5BannualMileage%5D=10000&finances%5Bdescription%5D=
Mercedes-Benz,EQB,EQB 350 4MATIC,Available,2025,Automatic,Metallic Paint High-tech Silver,Electric,"QAR 5,907 / month Finance","QAR 268,500",18198061,https://www.mercedes-benz-mena.com/qatar/en/stock/18198061-Mercedes-Benz-EQB-EQB%20350%204MATIC/?finances%5Bdeposit%5D=53700&finances%5BproductName%5D=Finance&finances%5Bterm%5D=48&finances%5BproductType%5D=Finance&finances%5BannualMileage%5D=10000&finances%5Bdescription%5D=
Mercedes-Benz,E-Class,E 200 Sedan,Available,2025,Automatic,Solid Paint Black,Petrol,"QAR 5,962 / month Finance","QAR 271,000",20117469,https://www.mercedes-benz-mena.com/qatar/en/stock/20117469-Mercedes-Benz-E-Class-E%20200%20Sedan/?finances%5Bdeposit%5D=54200&finances%5BproductName%5D=Finance&finances%5Bterm%5D=48&finances%5BproductType%5D=Finance&finances%5BannualMileage%5D=10000&finances%5Bdescription%5D=
Mercedes-Benz,GLC SUV,GLC 200 4MATIC,Available,2026,Automatic,Solid Paint Black,Petrol,"QAR 6,314 / month Finance","QAR 287,000",20375763,https://www.mercedes-benz-mena.com/qatar/en/stock/20375763-Mercedes-Benz-GLC%20SUV-GLC%20200%204MATIC/?finances%5Bdeposit%5D=57400&finances%5BproductName%5D=Finance&finances%5Bterm%5D=48&finances%5BproductType%5D=Finance&finances%5BannualMileage%5D=10000&finances%5Bdescription%5D=
Mercedes-Benz,GLC SUV,GLC 200 4MATIC,Available,2026,Automatic,Solid Paint Polar White,Petrol,"QAR 6,347 / month Finance","QAR 288,500",20375762,https://www.mercedes-benz-mena.com/qatar/en/stock/20375762-Mercedes-Benz-GLC%20SUV-GLC%20200%204MATIC/?finances%5Bdeposit%5D=57700&finances%5BproductName%5D=Finance&finances%5Bterm%5D=48&finances%5BproductType%5D=Finance&finances%5BannualMileage%5D=10000&finances%5Bdescription%5D=
Mercedes-Benz,E-Class,E 200 Sedan,Available,2025,Automatic,Solid Paint Black,Petrol,"QAR 6,512 / month Finance","QAR 296,000",20360356,https://www.mercedes-benz-mena.com/qatar/en/stock/20360356-Mercedes-Benz-E-Class-E%20200%20Sedan/?finances%5Bdeposit%5D=59200&finances%5BproductName%5D=Finance&finances%5Bterm%5D=48&finances%5BproductType%5D=Finance&finances%5BannualMileage%5D=10000&finances%5Bdescription%5D=
Mercedes-Benz,E-Class,E 200 Sedan,Available,2025,Automatic,Metallic Paintwork High-tech Silver,Petrol,"QAR 6,534 / month Finance","QAR 297,000",20204045,https://www.mercedes-benz-mena.com/qatar/en/stock/20204045-Mercedes-Benz-E-Class-E%20200%20Sedan/?finances%5Bdeposit%5D=59400&finances%5BproductName%5D=Finance&finances%5Bterm%5D=48&finances%5BproductType%5D=Finance&finances%5BannualMileage%5D=10000&finances%5Bdescription%5D=
Mercedes-Benz,E-Class,E 200 Sedan,Available,2025,Automatic,Metallic Paint Nautic Blue,Petrol,"QAR 6,556 / month Finance","QAR 298,000",20204049,https://www.mercedes-benz-mena.com/qatar/en/stock/20204049-Mercedes-Benz-E-Class-E%20200%20Sedan/?finances%5Bdeposit%5D=59600&finances%5BproductName%5D=Finance&finances%5Bterm%5D=48&finances%5BproductType%5D=Finance&finances%5BannualMileage%5D=10000&finances%5Bdescription%5D=
Mercedes-Benz,GLC Coupe,GLC 200 4MATIC Coupé,Available,2026,Automatic,Solid Paint Polar White,Petrol,"QAR 6,644 / month Finance","QAR 302,000",20342151,https://www.mercedes-benz-mena.com/qatar/en/stock/20342151-Mercedes-Benz-GLC%20Coupe-GLC%20200%204MATIC%20Coup%C3%A9/?finances%5Bdeposit%5D=60400&finances%5BproductName%5D=Finance&finances%5Bterm%5D=48&finances%5BproductType%5D=Finance&finances%5BannualMileage%5D=10000&finances%5Bdescription%5D=
Mercedes-Benz,GLC Coupe,GLC 200 4MATIC Coupé,Available,2025,Automatic,Metallic Paint Verde Silver,Petrol,"QAR 6,666 / month Finance","QAR 303,000",20249465,https://www.mercedes-benz-mena.com/qatar/en/stock/20249465-Mercedes-Benz-GLC%20Coupe-GLC%20200%204MATIC%20Coup%C3%A9/?finances%5Bdeposit%5D=60600&finances%5BproductName%5D=Finance&finances%5Bterm%5D=48&finances%5BproductType%5D=Finance&finances%5BannualMileage%5D=10000&finances%5Bdescription%5D=
Mercedes-Benz,GLC Coupe,GLC 200 4MATIC Coupé,Available,2026,Automatic,Metallic Paint Graphite Grey,Petrol,"QAR 6,699 / month Finance","QAR 304,500",20342150,https://www.mercedes-benz-mena.com/qatar/en/stock/20342150-Mercedes-Benz-GLC%20Coupe-GLC%20200%204MATIC%20Coup%C3%A9/?finances%5Bdeposit%5D=60900&finances%5BproductName%5D=Finance&finances%5Bterm%5D=48&finances%5BproductType%5D=Finance&finances%5BannualMileage%5D=10000&finances%5Bdescription%5D=
Mercedes-Benz,E-Class,E 200 Sedan,Available,2025,Automatic,Metallic Paint Verde Silver,Petrol,"QAR 6,754 / month Finance","QAR 307,000",20204046,https://www.mercedes-benz-mena.com/qatar/en/stock/20204046-Mercedes-Benz-E-Class-E%20200%20Sedan/?finances%5Bdeposit%5D=61400&finances%5BproductName%5D=Finance&finances%5Bterm%5D=48&finances%5BproductType%5D=Finance&finances%5BannualMileage%5D=10000&finances%5Bdescription%5D=
Mercedes-Benz,E-Class,E 200 Sedan,Available,2025,Automatic,Metallic Paint Graphite Grey,Petrol,"QAR 6,754 / month Finance","QAR 307,000",20096468,https://www.mercedes-benz-mena.com/qatar/en/stock/20096468-Mercedes-Benz-E-Class-E%20200%20Sedan/?finances%5Bdeposit%5D=61400&finances%5BproductName%5D=Finance&finances%5Bterm%5D=48&finances%5BproductType%5D=Finance&finances%5BannualMileage%5D=10000&finances%5Bdescription%5D=
Mercedes-Benz,CLE,CLE 200 Coupé,Available,2026,Automatic,Metallic Paintwork High-tech Silver,Petrol,"QAR 6,875 / month Finance","QAR 312,500",20342156,https://www.mercedes-benz-mena.com/qatar/en/stock/20342156-Mercedes-Benz-CLE-CLE%20200%20Coup%C3%A9/?finances%5Bdeposit%5D=62500&finances%5BproductName%5D=Finance&finances%5Bterm%5D=48&finances%5BproductType%5D=Finance&finances%5BannualMileage%5D=10000&finances%5Bdescription%5D=
Mercedes-Benz,CLE,CLE 200 Cabriolet,Available,2026,Automatic,Solid Paint Black,Petrol,"QAR 7,337 / month Finance","QAR 333,500",20342153,https://www.mercedes-benz-mena.com/qatar/en/stock/20342153-Mercedes-Benz-CLE-CLE%20200%20Cabriolet/?finances%5Bdeposit%5D=66700&finances%5BproductName%5D=Finance&finances%5Bterm%5D=48&finances%5BproductType%5D=Finance&finances%5BannualMileage%5D=10000&finances%5Bdescription%5D=
Mercedes-Benz,CLE,CLE 200 Cabriolet,Available,2025,Automatic,Manufaktur Paint Manufaktur Alpine Grey Solid,Petrol,"QAR 7,370 / month Finance","QAR 335,000",19969983,https://www.mercedes-benz-mena.com/qatar/en/stock/19969983-Mercedes-Benz-CLE-CLE%20200%20Cabriolet/?finances%5Bdeposit%5D=67000&finances%5BproductName%5D=Finance&finances%5Bterm%5D=48&finances%5BproductType%5D=Finance&finances%5BannualMileage%5D=10000&finances%5Bdescription%5D=
Mercedes-Benz,GLC Coupe,GLC 200 4MATIC Coupé,Available,2026,Automatic,Solid Paint Polar White,Petrol,"QAR 7,425 / month Finance","QAR 337,500",20342154,https://www.mercedes-benz-mena.com/qatar/en/stock/20342154-Mercedes-Benz-GLC%20Coupe-GLC%20200%204MATIC%20Coup%C3%A9/?finances%5Bdeposit%5D=67500&finances%5BproductName%5D=Finance&finances%5Bterm%5D=48&finances%5BproductType%5D=Finance&finances%5BannualMileage%5D=10000&finances%5Bdescription%5D=
Mercedes-Benz,CLE,CLE 200 Cabriolet,Available,2026,Automatic,Metallic Paint Graphite Grey,Petrol,"QAR 7,425 / month Finance","QAR 337,500",20342148,https://www.mercedes-benz-mena.com/qatar/en/stock/20342148-Mercedes-Benz-CLE-CLE%20200%20Cabriolet/?finances%5Bdeposit%5D=67500&finances%5BproductName%5D=Finance&finances%5Bterm%5D=48&finances%5BproductType%5D=Finance&finances%5BannualMileage%5D=10000&finances%5Bdescription%5D=
Mercedes-Benz,GLC Coupe,GLC 200 4MATIC Coupé,Available,2026,Automatic,Metallic Paintwork High-tech Silver,Petrol,"QAR 7,469 / month Finance","QAR 339,500",20342157,https://www.mercedes-benz-mena.com/qatar/en/stock/20342157-Mercedes-Benz-GLC%20Coupe-GLC%20200%204MATIC%20Coup%C3%A9/?finances%5Bdeposit%5D=67900&finances%5BproductName%5D=Finance&finances%5Bterm%5D=48&finances%5BproductType%5D=Finance&finances%5BannualMileage%5D=10000&finances%5Bdescription%5D=
Mercedes-Benz,CLE,CLE 200 Cabriolet,Available,2026,Automatic,Manufaktur Paint Manufaktur Alpine Grey Solid,Petrol,"QAR 7,546 / month Finance","QAR 343,000",20342149,https://www.mercedes-benz-mena.com/qatar/en/stock/20342149-Mercedes-Benz-CLE-CLE%20200%20Cabriolet/?finances%5Bdeposit%5D=68600&finances%5BproductName%5D=Finance&finances%5Bterm%5D=48&finances%5BproductType%5D=Finance&finances%5BannualMileage%5D=10000&finances%5Bdescription%5D=
Mercedes-Benz,GLC Coupe,GLC 200 4MATIC Coupé,Available,2026,Automatic,Manufaktur Paint Manufaktur Alpine Grey Solid,Petrol,"QAR 7,623 / month Finance","QAR 346,500",20342152,https://www.mercedes-benz-mena.com/qatar/en/stock/20342152-Mercedes-Benz-GLC%20Coupe-GLC%20200%204MATIC%20Coup%C3%A9/?finances%5Bdeposit%5D=69300&finances%5BproductName%5D=Finance&finances%5Bterm%5D=48&finances%5BproductType%5D=Finance&finances%5BannualMileage%5D=10000&finances%5Bdescription%5D=
Mercedes-Benz,EQE,EQE 350+,Available,2025,Automatic,Metallic Paint Graphite Grey,Electric,"QAR 7,722 / month Finance","QAR 351,000",19292177,https://www.mercedes-benz-mena.com/qatar/en/stock/19292177-Mercedes-Benz-EQE-EQE%20350+/?finances%5Bdeposit%5D=70200&finances%5BproductName%5D=Finance&finances%5Bterm%5D=48&finances%5BproductType%5D=Finance&finances%5BannualMileage%5D=10000&finances%5Bdescription%5D=
Mercedes-Benz,EQE,EQE 350+,Available,2025,Automatic,Metallic Paint Sodalite Blue,Electric,"QAR 7,722 / month Finance","QAR 351,000",19292176,https://www.mercedes-benz-mena.com/qatar/en/stock/19292176-Mercedes-Benz-EQE-EQE%20350+/?finances%5Bdeposit%5D=70200&finances%5BproductName%5D=Finance&finances%5Bterm%5D=48&finances%5BproductType%5D=Finance&finances%5BannualMileage%5D=10000&finances%5Bdescription%5D=
Mercedes-Benz,GLE SUV,GLE 450 4MATIC,Available,2024,Automatic,Solid Paint Polar White,Petrol,"QAR 8,866 / month Finance","QAR 403,000",19484403,https://www.mercedes-benz-mena.com/qatar/en/stock/19484403-Mercedes-Benz-GLE%20SUV-GLE%20450%204MATIC/?finances%5Bdeposit%5D=80600&finances%5BproductName%5D=Finance&finances%5Bterm%5D=48&finances%5BproductType%5D=Finance&finances%5BannualMileage%5D=10000&finances%5Bdescription%5D=
Mercedes-Benz,GLE SUV,GLE 450 4MATIC,Available,2025,Automatic,Solid Paint Black,Petrol,"QAR 9,185 / month Finance","QAR 417,500",20413823,https://www.mercedes-benz-mena.com/qatar/en/stock/20413823-Mercedes-Benz-GLE%20SUV-GLE%20450%204MATIC/?finances%5Bdeposit%5D=83500&finances%5BproductName%5D=Finance&finances%5Bterm%5D=48&finances%5BproductType%5D=Finance&finances%5BannualMileage%5D=10000&finances%5Bdescription%5D=
Mercedes-Benz,GLE SUV,GLE 450 4MATIC,Available,2025,Automatic,Metallic Paint Selenite Grey,Petrol,"QAR 9,185 / month Finance","QAR 417,500",20387146,https://www.mercedes-benz-mena.com/qatar/en/stock/20387146-Mercedes-Benz-GLE%20SUV-GLE%20450%204MATIC/?finances%5Bdeposit%5D=83500&finances%5BproductName%5D=Finance&finances%5Bterm%5D=48&finances%5BproductType%5D=Finance&finances%5BannualMileage%5D=10000&finances%5Bdescription%5D=
Mercedes-Benz,EQE SUV,EQE 350 4MATIC SUV,Available,2024,Automatic,Solid Paint Black,Electric,"QAR 9,394 / month Finance","QAR 427,000",19059075,https://www.mercedes-benz-mena.com/qatar/en/stock/19059075-Mercedes-Benz-EQE%20SUV-EQE%20350%204MATIC%20SUV/?finances%5Bdeposit%5D=85400&finances%5BproductName%5D=Finance&finances%5Bterm%5D=48&finances%5BproductType%5D=Finance&finances%5BannualMileage%5D=10000&finances%5Bdescription%5D=
Mercedes-Benz,EQE SUV,EQE 350 4MATIC SUV,Available,2024,Automatic,Manufaktur Paint Manufaktur Alpine Grey Solid,Electric,"QAR 9,394 / month Finance","QAR 427,000",19059074,https://www.mercedes-benz-mena.com/qatar/en/stock/19059074-Mercedes-Benz-EQE%20SUV-EQE%20350%204MATIC%20SUV/?finances%5Bdeposit%5D=85400&finances%5BproductName%5D=Finance&finances%5Bterm%5D=48&finances%5BproductType%5D=Finance&finances%5BannualMileage%5D=10000&finances%5Bdescription%5D=
Mercedes-Benz,EQE SUV,EQE 350 4MATIC SUV,Available,2024,Automatic,Metallic Paint Selenite Grey,Electric,"QAR 9,394 / month Finance","QAR 427,000",19811056,https://www.mercedes-benz-mena.com/qatar/en/stock/19811056-Mercedes-Benz-EQE%20SUV-EQE%20350%204MATIC%20SUV/?finances%5Bdeposit%5D=85400&finances%5BproductName%5D=Finance&finances%5Bterm%5D=48&finances%5BproductType%5D=Finance&finances%5BannualMileage%5D=10000&finances%5Bdescription%5D=
Mercedes-Benz,EQE SUV,EQE 350 4MATIC SUV,Available,2024,Automatic,Solid Paint Polar White,Electric,"QAR 9,460 / month Finance","QAR 430,000",19909325,https://www.mercedes-benz-mena.com/qatar/en/stock/19909325-Mercedes-Benz-EQE%20SUV-EQE%20350%204MATIC%20SUV/?finances%5Bdeposit%5D=86000&finances%5BproductName%5D=Finance&finances%5Bterm%5D=48&finances%5BproductType%5D=Finance&finances%5BannualMileage%5D=10000&finances%5Bdescription%5D=
Mercedes-Benz,GLE Coupe,GLE 450 4MATIC Coupé,Available,2025,Automatic,Solid Paint Black,Petrol,"QAR 9,658 / month Finance","QAR 439,000",20249464,https://www.mercedes-benz-mena.com/qatar/en/stock/20249464-Mercedes-Benz-GLE%20Coupe-GLE%20450%204MATIC%20Coup%C3%A9/?finances%5Bdeposit%5D=87800&finances%5BproductName%5D=Finance&finances%5Bterm%5D=48&finances%5BproductType%5D=Finance&finances%5BannualMileage%5D=10000&finances%5Bdescription%5D=
Mercedes-Benz,GLE Coupe,GLE 450 4MATIC Coupé,Available,2025,Automatic,Metallic Paint Obsidian Black,Petrol,"QAR 9,801 / month Finance","QAR 445,500",20342147,https://www.mercedes-benz-mena.com/qatar/en/stock/20342147-Mercedes-Benz-GLE%20Coupe-GLE%20450%204MATIC%20Coup%C3%A9/?finances%5Bdeposit%5D=89100&finances%5BproductName%5D=Finance&finances%5Bterm%5D=48&finances%5BproductType%5D=Finance&finances%5BannualMileage%5D=10000&finances%5Bdescription%5D=
Mercedes-Benz,GLE Coupe,GLE 450 4MATIC Coupé,Available,2025,Automatic,Solid Paint Black,Petrol,"QAR 9,801 / month Finance","QAR 445,500",20342160,https://www.mercedes-benz-mena.com/qatar/en/stock/20342160-Mercedes-Benz-GLE%20Coupe-GLE%20450%204MATIC%20Coup%C3%A9/?finances%5Bdeposit%5D=89100&finances%5BproductName%5D=Finance&finances%5Bterm%5D=48&finances%5BproductType%5D=Finance&finances%5BannualMileage%5D=10000&finances%5Bdescription%5D=
Mercedes-Benz,GLE Coupe,GLE 450 4MATIC Coupé,Available,2025,Automatic,Solid Paint Polar White,Petrol,"QAR 9,867 / month Finance","QAR 448,500",20204041,https://www.mercedes-benz-mena.com/qatar/en/stock/20204041-Mercedes-Benz-GLE%20Coupe-GLE%20450%204MATIC%20Coup%C3%A9/?finances%5Bdeposit%5D=89700&finances%5BproductName%5D=Finance&finances%5Bterm%5D=48&finances%5BproductType%5D=Finance&finances%5BannualMileage%5D=10000&finances%5Bdescription%5D=
Mercedes-Benz,GLE Coupe,GLE 450 4MATIC Coupé,Available,2025,Automatic,Metallic Paint Obsidian Black,Petrol,"QAR 9,944 / month Finance","QAR 452,000",20342155,https://www.mercedes-benz-mena.com/qatar/en/stock/20342155-Mercedes-Benz-GLE%20Coupe-GLE%20450%204MATIC%20Coup%C3%A9/?finances%5Bdeposit%5D=90400&finances%5BproductName%5D=Finance&finances%5Bterm%5D=48&finances%5BproductType%5D=Finance&finances%5BannualMileage%5D=10000&finances%5Bdescription%5D=
Mercedes-Benz,CLE,Mercedes-AMG CLE 53 4MATIC+ Coupé,Special Offer,2026,Automatic,Manufaktur Paint Manufaktur Alpine Grey Solid,Petrol,"QAR 11,011 / month Finance","QAR 500,500",20297596,https://www.mercedes-benz-mena.com/qatar/en/stock/20297596-Mercedes-Benz-CLE-Mercedes-AMG%20CLE%2053%204MATIC+%20Coup%C3%A9/?finances%5Bdeposit%5D=100100&finances%5BproductName%5D=Finance&finances%5Bterm%5D=48&finances%5BproductType%5D=Finance&finances%5BannualMileage%5D=10000&finances%5Bdescription%5D=
Mercedes-Benz,EQE,Mercedes-AMG EQE 53 4MATIC+,Special Offer,2025,Automatic,Manufaktur Paint Manufaktur Opalite White Bright,Electric,"QAR 11,836 / month Finance","QAR 538,000",19036056,https://www.mercedes-benz-mena.com/qatar/en/stock/19036056-Mercedes-Benz-EQE-Mercedes-AMG%20EQE%2053%204MATIC+/?finances%5Bdeposit%5D=107600&finances%5BproductName%5D=Finance&finances%5Bterm%5D=48&finances%5BproductType%5D=Finance&finances%5BannualMileage%5D=10000&finances%5Bdescription%5D=
Mercedes-Benz,GLS,GLS 450 4MATIC,Available,2025,Automatic,Metallic Paint Sodalite Blue,Petrol,"QAR 12,067 / month Finance","QAR 548,500",20342145,https://www.mercedes-benz-mena.com/qatar/en/stock/20342145-Mercedes-Benz-GLS-GLS%20450%204MATIC/?finances%5Bdeposit%5D=109700&finances%5BproductName%5D=Finance&finances%5Bterm%5D=48&finances%5BproductType%5D=Finance&finances%5BannualMileage%5D=10000&finances%5Bdescription%5D=
Mercedes-Benz,GLS,GLS 450 4MATIC,Available,2025,Automatic,Manufaktur Paint Manufaktur Mystic Blue Metallic,Petrol,"QAR 12,364 / month Finance","QAR 562,000",20342146,https://www.mercedes-benz-mena.com/qatar/en/stock/20342146-Mercedes-Benz-GLS-GLS%20450%204MATIC/?finances%5Bdeposit%5D=112400&finances%5BproductName%5D=Finance&finances%5Bterm%5D=48&finances%5BproductType%5D=Finance&finances%5BannualMileage%5D=10000&finances%5Bdescription%5D=
Mercedes-Benz,C-Class,Mercedes-AMG C 63 S E PERFORMANCE,Special Offer,2025,Automatic,Manufaktur Paint Manufaktur Alpine Grey Solid,Hybrid,"QAR 12,375 / month Finance","QAR 562,500",19022826,https://www.mercedes-benz-mena.com/qatar/en/stock/19022826-Mercedes-Benz-C-Class-Mercedes-AMG%20C%2063%20S%20E%20PERFORMANCE/?finances%5Bdeposit%5D=112500&finances%5BproductName%5D=Finance&finances%5Bterm%5D=48&finances%5BproductType%5D=Finance&finances%5BannualMileage%5D=10000&finances%5Bdescription%5D=
Mercedes-Benz,EQS,EQS 450+,Available,2024,Automatic,Graphite Grey,Electric,"QAR 12,419 / month Finance","QAR 564,500",17573434,https://www.mercedes-benz-mena.com/qatar/en/stock/17573434-Mercedes-Benz-EQS-EQS%20450+/?finances%5Bdeposit%5D=112900&finances%5BproductName%5D=Finance&finances%5Bterm%5D=48&finances%5BproductType%5D=Finance&finances%5BannualMileage%5D=10000&finances%5Bdescription%5D=
Mercedes-Benz,EQS,EQS 450+ Sedan,Available,2024,Automatic,Solid Paint Black,Electric,"QAR 12,496 / month Finance","QAR 568,000",20297599,https://www.mercedes-benz-mena.com/qatar/en/stock/20297599-Mercedes-Benz-EQS-EQS%20450+%20Sedan/?finances%5Bdeposit%5D=113600&finances%5BproductName%5D=Finance&finances%5Bterm%5D=48&finances%5BproductType%5D=Finance&finances%5BannualMileage%5D=10000&finances%5Bdescription%5D=
Mercedes-Benz,EQS,EQS 450+ Sedan,Available,2024,Automatic,Solid Paint Polar White,Electric,"QAR 12,496 / month Finance","QAR 568,000",18532528,https://www.mercedes-benz-mena.com/qatar/en/stock/18532528-Mercedes-Benz-EQS-EQS%20450+%20Sedan/?finances%5Bdeposit%5D=113600&finances%5BproductName%5D=Finance&finances%5Bterm%5D=48&finances%5BproductType%5D=Finance&finances%5BannualMileage%5D=10000&finances%5Bdescription%5D=
Mercedes-Benz,EQS,EQS 450+,Available,2024,Automatic,Metallic Paint Obsidian Black,Electric,"QAR 12,507 / month Finance","QAR 568,500",18088365,https://www.mercedes-benz-mena.com/qatar/en/stock/18088365-Mercedes-Benz-EQS-EQS%20450+/?finances%5Bdeposit%5D=113700&finances%5BproductName%5D=Finance&finances%5Bterm%5D=48&finances%5BproductType%5D=Finance&finances%5BannualMileage%5D=10000&finances%5Bdescription%5D=
Mercedes-Benz,EQS SUV,EQS 450 4MATIC SUV,Available,2025,Automatic,Metallic Paint Sodalite Blue,Electric,"QAR 12,639 / month Finance","QAR 574,500",19840308,https://www.mercedes-benz-mena.com/qatar/en/stock/19840308-Mercedes-Benz-EQS%20SUV-EQS%20450%204MATIC%20SUV/?finances%5Bdeposit%5D=114900&finances%5BproductName%5D=Finance&finances%5Bterm%5D=48&finances%5BproductType%5D=Finance&finances%5BannualMileage%5D=10000&finances%5Bdescription%5D=
Mercedes-Benz,EQS SUV,EQS 450 4MATIC SUV,Available,2025,Automatic,Metallic Paint Velvet Brown,Electric,"QAR 12,639 / month Finance","QAR 574,500",19840309,https://www.mercedes-benz-mena.com/qatar/en/stock/19840309-Mercedes-Benz-EQS%20SUV-EQS%20450%204MATIC%20SUV/?finances%5Bdeposit%5D=114900&finances%5BproductName%5D=Finance&finances%5Bterm%5D=48&finances%5BproductType%5D=Finance&finances%5BannualMileage%5D=10000&finances%5Bdescription%5D=
Mercedes-Benz,EQS,EQS 450+,Special Offer,2024,Automatic,Metallic Paint Graphite Grey,Electric,"QAR 12,661 / month Finance","QAR 575,500",18077892,https://www.mercedes-benz-mena.com/qatar/en/stock/18077892-Mercedes-Benz-EQS-EQS%20450+/?finances%5Bdeposit%5D=115100&finances%5BproductName%5D=Finance&finances%5Bterm%5D=48&finances%5BproductType%5D=Finance&finances%5BannualMileage%5D=10000&finances%5Bdescription%5D=
Mercedes-Benz,EQS SUV,EQS 450 4MATIC SUV,Available,2024,Automatic,Selenite Grey Metallic,Electric,"QAR 12,738 / month Finance","QAR 579,000",18491846,https://www.mercedes-benz-mena.com/qatar/en/stock/18491846-Mercedes-Benz-EQS%20SUV-EQS%20450%204MATIC%20SUV/?finances%5Bdeposit%5D=115800&finances%5BproductName%5D=Finance&finances%5Bterm%5D=48&finances%5BproductType%5D=Finance&finances%5BannualMileage%5D=10000&finances%5Bdescription%5D=
Mercedes-Benz,EQS SUV,EQS 450 4MATIC SUV,Available,2024,Automatic,Metallic Paint Obsidian Black,Electric,"QAR 12,738 / month Finance","QAR 579,000",19231876,https://www.mercedes-benz-mena.com/qatar/en/stock/19231876-Mercedes-Benz-EQS%20SUV-EQS%20450%204MATIC%20SUV/?finances%5Bdeposit%5D=115800&finances%5BproductName%5D=Finance&finances%5Bterm%5D=48&finances%5BproductType%5D=Finance&finances%5BannualMileage%5D=10000&finances%5Bdescription%5D=
Mercedes-Benz,C-Class,Mercedes-AMG C 63 S E PERFORMANCE,Available,2025,Automatic,Manufaktur Graphite Grey Magno,Hybrid,"QAR 13,024 / month Finance","QAR 592,000",18938655,https://www.mercedes-benz-mena.com/qatar/en/stock/18938655-Mercedes-Benz-C-Class-Mercedes-AMG%20C%2063%20S%20E%20PERFORMANCE/?finances%5Bdeposit%5D=118400&finances%5BproductName%5D=Finance&finances%5Bterm%5D=48&finances%5BproductType%5D=Finance&finances%5BannualMileage%5D=10000&finances%5Bdescription%5D=
Mercedes-Benz,S-Class,S 450 4MATIC Sedan long,Available,2025,Automatic,Metallic Paint Verde Silver,Petrol,"QAR 13,277 / month Finance","QAR 603,500",20204051,https://www.mercedes-benz-mena.com/qatar/en/stock/20204051-Mercedes-Benz-S-Class-S%20450%204MATIC%20Sedan%20long/?finances%5Bdeposit%5D=120700&finances%5BproductName%5D=Finance&finances%5Bterm%5D=48&finances%5BproductType%5D=Finance&finances%5BannualMileage%5D=10000&finances%5Bdescription%5D=
Mercedes-Benz,E-Class,Mercedes-AMG E 53 Hybrid 4MATIC+ Sedan,Available,2026,Automatic,Manufaktur Paint Manufaktur Opalite White Bright,Hybrid,"QAR 13,519 / month Finance","QAR 614,500",20405459,https://www.mercedes-benz-mena.com/qatar/en/stock/20405459-Mercedes-Benz-E-Class-Mercedes-AMG%20E%2053%20Hybrid%204MATIC+%20Sedan/?finances%5Bdeposit%5D=122900&finances%5BproductName%5D=Finance&finances%5Bterm%5D=48&finances%5BproductType%5D=Finance&finances%5BannualMileage%5D=10000&finances%5Bdescription%5D=
Mercedes-Benz,GT,Mercedes-AMG GT 43,Available,2025,Automatic,Metallic Paint Obsidian Black,Petrol,"QAR 13,695 / month Finance","QAR 622,500",19811065,https://www.mercedes-benz-mena.com/qatar/en/stock/19811065-Mercedes-Benz-GT-Mercedes-AMG%20GT%2043/?finances%5Bdeposit%5D=124500&finances%5BproductName%5D=Finance&finances%5Bterm%5D=48&finances%5BproductType%5D=Finance&finances%5BannualMileage%5D=10000&finances%5Bdescription%5D=
Mercedes-Benz,GT,Mercedes-AMG GT 43,Available,2025,Automatic,Manufaktur Paint Manufaktur Vintage Blue Solid,Petrol,"QAR 14,003 / month Finance","QAR 636,500",19393940,https://www.mercedes-benz-mena.com/qatar/en/stock/19393940-Mercedes-Benz-GT-Mercedes-AMG%20GT%2043/?finances%5Bdeposit%5D=127300&finances%5BproductName%5D=Finance&finances%5Bterm%5D=48&finances%5BproductType%5D=Finance&finances%5BannualMileage%5D=10000&finances%5Bdescription%5D=
Mercedes-Benz,S-Class,S 450 4MATIC Sedan long,Available,2025,Automatic,Manufaktur Paint Manufaktur Opalite White Bright,Petrol,"QAR 15,070 / month Finance","QAR 685,000",20204050,https://www.mercedes-benz-mena.com/qatar/en/stock/20204050-Mercedes-Benz-S-Class-S%20450%204MATIC%20Sedan%20long/?finances%5Bdeposit%5D=137000&finances%5BproductName%5D=Finance&finances%5Bterm%5D=48&finances%5BproductType%5D=Finance&finances%5BannualMileage%5D=10000&finances%5Bdescription%5D=
Mercedes-Benz,GLE SUV,Mercedes-AMG GLE 63 S 4MATIC+,Available,2024,Automatic,Manufaktur Diamond White Bright,Petrol,"QAR 16,775 / month Finance","QAR 762,500",18198975,https://www.mercedes-benz-mena.com/qatar/en/stock/18198975-Mercedes-Benz-GLE%20SUV-Mercedes-AMG%20GLE%2063%20S%204MATIC+/?finances%5Bdeposit%5D=152500&finances%5BproductName%5D=Finance&finances%5Bterm%5D=48&finances%5BproductType%5D=Finance&finances%5BannualMileage%5D=10000&finances%5Bdescription%5D=
Mercedes-Benz,GLE Coupe,Mercedes-AMG GLE 63 S 4MATIC+ Coupé,Special Offer,2024,Automatic,Metallic Paint Sodalite Blue,Petrol,"QAR 17,919 / month Finance","QAR 814,500",18854786,https://www.mercedes-benz-mena.com/qatar/en/stock/18854786-Mercedes-Benz-GLE%20Coupe-Mercedes-AMG%20GLE%2063%20S%204MATIC+%20Coup%C3%A9/?finances%5Bdeposit%5D=162900&finances%5BproductName%5D=Finance&finances%5Bterm%5D=48&finances%5BproductType%5D=Finance&finances%5BannualMileage%5D=10000&finances%5Bdescription%5D=
Mercedes-Benz,GLE Coupe,Mercedes-AMG GLE 63 S 4MATIC+ Coupé,Special Offer,2024,Automatic,Metallic Paint Selenite Grey,Petrol,"QAR 17,919 / month Finance","QAR 814,500",19044379,https://www.mercedes-benz-mena.com/qatar/en/stock/19044379-Mercedes-Benz-GLE%20Coupe-Mercedes-AMG%20GLE%2063%20S%204MATIC+%20Coup%C3%A9/?finances%5Bdeposit%5D=162900&finances%5BproductName%5D=Finance&finances%5Bterm%5D=48&finances%5BproductType%5D=Finance&finances%5BannualMileage%5D=10000&finances%5Bdescription%5D=
Mercedes-Benz,GLE Coupe,Mercedes-AMG GLE 63 S 4MATIC+ Coupé,Available,2024,Automatic,Manufaktur Diamond White Bright,Petrol,"QAR 18,018 / month Finance","QAR 819,000",19888882,https://www.mercedes-benz-mena.com/qatar/en/stock/19888882-Mercedes-Benz-GLE%20Coupe-Mercedes-AMG%20GLE%2063%20S%204MATIC+%20Coup%C3%A9/?finances%5Bdeposit%5D=163800&finances%5BproductName%5D=Finance&finances%5Bterm%5D=48&finances%5BproductType%5D=Finance&finances%5BannualMileage%5D=10000&finances%5Bdescription%5D=
Mercedes-Benz,SL,Mercedes-AMG SL 55 4MATIC+,Special Offer,2023,Automatic,Manufaktur Magno Paint Manufaktur Opalite White Magno,Petrol,"QAR 18,447 / month Finance","QAR 838,500",18678125,https://www.mercedes-benz-mena.com/qatar/en/stock/18678125-Mercedes-Benz-SL-Mercedes-AMG%20SL%2055%204MATIC+/?finances%5Bdeposit%5D=167700&finances%5BproductName%5D=Finance&finances%5Bterm%5D=48&finances%5BproductType%5D=Finance&finances%5BannualMileage%5D=10000&finances%5Bdescription%5D=
Mercedes-Benz,SL,Mercedes-AMG SL 55 4MATIC+,Available,2024,Automatic,Manufaktur High-tech Silver Magno,Petrol,"QAR 19,107 / month Finance","QAR 868,500",17539781,https://www.mercedes-benz-mena.com/qatar/en/stock/17539781-Mercedes-Benz-SL-Mercedes-AMG%20SL%2055%204MATIC+/?finances%5Bdeposit%5D=173700&finances%5BproductName%5D=Finance&finances%5Bterm%5D=48&finances%5BproductType%5D=Finance&finances%5BannualMileage%5D=10000&finances%5Bdescription%5D=
Mercedes-Benz,G-Class,G 500,Available,2025,Automatic,Manufaktur Graphite Metallic,Petrol,"QAR 19,151 / month Finance","QAR 870,500",20405458,https://www.mercedes-benz-mena.com/qatar/en/stock/20405458-Mercedes-Benz-G-Class-G%20500/?finances%5Bdeposit%5D=174100&finances%5BproductName%5D=Finance&finances%5Bterm%5D=48&finances%5BproductType%5D=Finance&finances%5BannualMileage%5D=10000&finances%5Bdescription%5D=
Mercedes-Benz,G-Class,G 580 with EQ Technology,Available,2025,Automatic,Obsidian Black Metallic,Electric,"QAR 19,349 / month Finance","QAR 879,500",20297602,https://www.mercedes-benz-mena.com/qatar/en/stock/20297602-Mercedes-Benz-G-Class-G%20580%20with%20EQ%20Technology/?finances%5Bdeposit%5D=175900&finances%5BproductName%5D=Finance&finances%5Bterm%5D=48&finances%5BproductType%5D=Finance&finances%5BannualMileage%5D=10000&finances%5Bdescription%5D=
Mercedes-Benz,GT,Mercedes-AMG GT 63 4MATIC+,Available,2025,Automatic,Manufaktur Paint Manufaktur Opalite White Bright,Petrol,"QAR 20,911 / month Finance","QAR 950,500",19071364,https://www.mercedes-benz-mena.com/qatar/en/stock/19071364-Mercedes-Benz-GT-Mercedes-AMG%20GT%2063%204MATIC+/?finances%5Bdeposit%5D=190100&finances%5BproductName%5D=Finance&finances%5Bterm%5D=48&finances%5BproductType%5D=Finance&finances%5BannualMileage%5D=10000&finances%5Bdescription%5D=
Mercedes-Benz,G-Class,G 500,Available,2025,Automatic,Manufaktur Night Black Magno,Petrol,"QAR 21,010 / month Finance","QAR 955,000",20204043,https://www.mercedes-benz-mena.com/qatar/en/stock/20204043-Mercedes-Benz-G-Class-G%20500/?finances%5Bdeposit%5D=191000&finances%5BproductName%5D=Finance&finances%5Bterm%5D=48&finances%5BproductType%5D=Finance&finances%5BannualMileage%5D=10000&finances%5Bdescription%5D=
Mercedes-Benz,G-Class,G 580 with EQ-Technology Edition One,Available,2025,Automatic,Manufaktur Opalite White Bright,Electric,"QAR 21,351 / month Finance","QAR 970,500",20204047,https://www.mercedes-benz-mena.com/qatar/en/stock/20204047-Mercedes-Benz-G-Class-G%20580%20with%20EQ-Technology%20Edition%20One/?finances%5Bdeposit%5D=194100&finances%5BproductName%5D=Finance&finances%5Bterm%5D=48&finances%5BproductType%5D=Finance&finances%5BannualMileage%5D=10000&finances%5Bdescription%5D=
Mercedes-Benz,G-Class,G 580 EQ,Available,2025,Automatic,Manufaktur Opalite White Bright,Electric,"QAR 21,450 / month Finance","QAR 975,000",19121546,https://www.mercedes-benz-mena.com/qatar/en/stock/19121546-Mercedes-Benz-G-Class-G%20580%20EQ/?finances%5Bdeposit%5D=195000&finances%5BproductName%5D=Finance&finances%5Bterm%5D=48&finances%5BproductType%5D=Finance&finances%5BannualMileage%5D=10000&finances%5Bdescription%5D=
Mercedes-Benz,S-Class,Mercedes-Maybach S 580,Available,2026,Automatic,Manufaktur Paint Manufaktur Opalite White Bright,Petrol,"QAR 21,989 / month Finance","QAR 999,500",20405457,https://www.mercedes-benz-mena.com/qatar/en/stock/20405457-Mercedes-Benz-S-Class-Mercedes-Maybach%20S%20580/?finances%5Bdeposit%5D=199900&finances%5BproductName%5D=Finance&finances%5Bterm%5D=48&finances%5BproductType%5D=Finance&finances%5BannualMileage%5D=10000&finances%5Bdescription%5D=
Mercedes-Benz,GT,Mercedes-AMG GT 63 S E PERFORMANCE,Available,2023,Automatic,Graphite Grey,Hybrid,"QAR 22,264 / month Finance","QAR 1,012,000",17059369,https://www.mercedes-benz-mena.com/qatar/en/stock/17059369-Mercedes-Benz-GT-Mercedes-AMG%20GT%2063%20S%20E%20PERFORMANCE/?finances%5Bdeposit%5D=202400&finances%5BproductName%5D=Finance&finances%5Bterm%5D=48&finances%5BproductType%5D=Finance&finances%5BannualMileage%5D=10000&finances%5Bdescription%5D=
Mercedes-Benz,GT,Mercedes-AMG GT 63 S E PERFORMANCE,Special Offer,2023,Automatic,Manufaktur Alpine Grey Solid,Hybrid,"QAR 22,660 / month Finance","QAR 1,030,000",17653819,https://www.mercedes-benz-mena.com/qatar/en/stock/17653819-Mercedes-Benz-GT-Mercedes-AMG%20GT%2063%20S%20E%20PERFORMANCE/?finances%5Bdeposit%5D=206000&finances%5BproductName%5D=Finance&finances%5Bterm%5D=48&finances%5BproductType%5D=Finance&finances%5BannualMileage%5D=10000&finances%5Bdescription%5D=
Mercedes-Benz,S-Class,Mercedes-AMG S 63 E Performance Sedan long,Special Offer,2024,Automatic,Metallic Paint Obsidian Black,Hybrid,"QAR 23,067 / month Finance","QAR 1,048,500",19030807,https://www.mercedes-benz-mena.com/qatar/en/stock/19030807-Mercedes-Benz-S-Class-Mercedes-AMG%20S%2063%20E%20Performance%20Sedan%20long/?finances%5Bdeposit%5D=209700&finances%5BproductName%5D=Finance&finances%5Bterm%5D=48&finances%5BproductType%5D=Finance&finances%5BannualMileage%5D=10000&finances%5Bdescription%5D=
Mercedes-Benz,S-Class,Mercedes-AMG S 63 E Performance Sedan long,Available,2024,Automatic,Manufaktur Paint Manufaktur Silicon Grey Solid,Hybrid,"QAR 24,398 / month Finance","QAR 1,109,000",18976552,https://www.mercedes-benz-mena.com/qatar/en/stock/18976552-Mercedes-Benz-S-Class-Mercedes-AMG%20S%2063%20E%20Performance%20Sedan%20long/?finances%5Bdeposit%5D=221800&finances%5BproductName%5D=Finance&finances%5Bterm%5D=48&finances%5BproductType%5D=Finance&finances%5BannualMileage%5D=10000&finances%5Bdescription%5D=
Mercedes-Benz,EQS SUV,Mercedes-MAYBACH EQS 680 SUV,Available,2025,Automatic,Metallic Paintwork High-tech Silver / Obsidian Black Metallic,Electric,"QAR 25,047 / month Finance","QAR 1,138,500",19913980,https://www.mercedes-benz-mena.com/qatar/en/stock/19913980-Mercedes-Benz-EQS%20SUV-Mercedes-MAYBACH%20EQS%20680%20SUV/?finances%5Bdeposit%5D=227700&finances%5BproductName%5D=Finance&finances%5Bterm%5D=48&finances%5BproductType%5D=Finance&finances%5BannualMileage%5D=10000&finances%5Bdescription%5D=
Mercedes-Benz,GLS,Mercedes-Maybach GLS 600,Available,2025,Automatic,Metallic Paint Obsidian Black / Manufaktur Kalahari Gold Metallic,Petrol,"QAR 25,861 / month Finance","QAR 1,175,500",20387145,https://www.mercedes-benz-mena.com/qatar/en/stock/20387145-Mercedes-Benz-GLS-Mercedes-Maybach%20GLS%20600/?finances%5Bdeposit%5D=235100&finances%5BproductName%5D=Finance&finances%5Bterm%5D=48&finances%5BproductType%5D=Finance&finances%5BannualMileage%5D=10000&finances%5Bdescription%5D=
Mercedes-Benz,EQS SUV,Mercedes-MAYBACH EQS 680 SUV,Available,2024,Automatic,Metallic Paint Obsidian Black / Mojave Silver,Electric,"QAR 27,742 / month Finance","QAR 1,261,000",18689749,https://www.mercedes-benz-mena.com/qatar/en/stock/18689749-Mercedes-Benz-EQS%20SUV-Mercedes-MAYBACH%20EQS%20680%20SUV/?finances%5Bdeposit%5D=252200&finances%5BproductName%5D=Finance&finances%5Bterm%5D=48&finances%5BproductType%5D=Finance&finances%5BannualMileage%5D=10000&finances%5Bdescription%5D=
Mercedes-Benz,G-Class,Mercedes-AMG G63,Available,2023,Automatic,Obsidian Black Metallic,Petrol,"QAR 35,882 / month Finance","QAR 1,631,000",18768960,https://www.mercedes-benz-mena.com/qatar/en/stock/18768960-Mercedes-Benz-G-Class-Mercedes-AMG%20G63/?finances%5Bdeposit%5D=326200&finances%5BproductName%5D=Finance&finances%5Bterm%5D=48&finances%5BproductType%5D=Finance&finances%5BannualMileage%5D=10000&finances%5Bdescription%5D=
Mercedes-Benz,G-Class,Mercedes-AMG G63,Available,2023,Automatic,Polar White,Petrol,"QAR 36,069 / month Finance","QAR 1,639,500",19044381,https://www.mercedes-benz-mena.com/qatar/en/stock/19044381-Mercedes-Benz-G-Class-Mercedes-AMG%20G63/?finances%5Bdeposit%5D=327900&finances%5BproductName%5D=Finance&finances%5Bterm%5D=48&finances%5BproductType%5D=Finance&finances%5BannualMileage%5D=10000&finances%5Bdescription%5D=
Mercedes-Benz,S-Class,Mercedes-Maybach S 680 (Base),Special Offer,2023,Automatic,Light Rose Metallic / Nautic Blue Metallic,Petrol,"QAR 51,029 / month Finance","QAR 2,319,500",18279352,https://www.mercedes-benz-mena.com/qatar/en/stock/18279352-Mercedes-Benz-S-Class-Mercedes-Maybach%20S%20680%20(Base)/?finances%5Bdeposit%5D=463900&finances%5BproductName%5D=Finance&finances%5Bterm%5D=48&finances%5BproductType%5D=Finance&finances%5BannualMileage%5D=10000&finances%5Bdescription%5D=
